epoch,train_loss,train_acc,val_loss,val_acc,time_s
1,8.4292,0.66,7.8944,1.47,630
2,7.3137,3.45,7.0425,4.74,656
3,6.6141,7.31,7.0343,4.88,660
4,6.1563,11.04,6.0559,12.02,807
5,5.8051,14.26,6.3009,10.42,805
6,5.5905,16.37,6.4473,9.08,624
7,5.4053,18.43,5.7615,14.85,564
8,5.2354,20.31,5.8636,13.90,559
9,5.0595,22.40,5.5905,17.36,569
10,4.8749,24.61,5.0631,22.50,551
11,4.7165,26.44,5.0483,21.84,583
12,4.5737,28.11,5.2387,21.29,546
13,4.4260,29.90,4.7162,27.60,561
14,4.2766,31.96,4.9149,23.96,571
15,4.1132,34.06,4.7437,25.34,599
16,3.9475,36.34,4.2545,31.35,622
17,3.7789,38.83,4.1977,32.04,608
18,3.5880,41.90,4.1043,35.35,611
19,3.4058,44.73,3.6605,41.28,607
20,3.2197,47.97,3.4603,44.94,573
21,3.0385,51.23,3.1799,51.77,578
22,2.8640,54.60,3.1969,51.39,597
23,2.6908,58.02,2.5444,60.44,631
24,2.5217,61.36,2.5855,60.13,673
25,2.3569,64.85,2.1546,68.11,649
26,2.1941,68.21,2.1531,70.64,654
27,2.0427,71.42,1.9943,73.47,656
28,1.8995,74.23,1.8124,76.63,622
29,1.7785,76.62,1.7342,78.03,654
30,1.7035,78.08,1.7049,78.46,653
